location,continent,epoch,images_found,tile_images,error
Curitiba,South America,2014-2015,27,83839,
Curitiba,South America,2016-2017,692,83839,
Curitiba,South America,2018,313,83839,
Curitiba,South America,2019,80940,83839,
Curitiba,South America,2020,0,83839,
Curitiba,South America,2021,599,83839,
Curitiba,South America,2022,22,83839,
Curitiba,South America,2023,299,83839,
Curitiba,South America,2024,0,83839,
Curitiba,South America,2025,0,83839,
Curitiba,South America,2026,947,83839,
São Paulo,South America,2014-2015,2947,188206,
São Paulo,South America,2016-2017,4529,188206,
São Paulo,South America,2018,17791,188206,
São Paulo,South America,2019,41404,188206,
São Paulo,South America,2020,59759,188206,
São Paulo,South America,2021,57349,188206,
São Paulo,South America,2022,0,188206,
São Paulo,South America,2023,1716,188206,
São Paulo,South America,2024,162,188206,
São Paulo,South America,2025,2214,188206,
São Paulo,South America,2026,149,188206,
Buenos Aires,South America,2014-2015,705,44461,
Buenos Aires,South America,2016-2017,7986,44461,
Buenos Aires,South America,2018,278,44461,
Buenos Aires,South America,2019,725,44461,
Buenos Aires,South America,2020,60,44461,
Buenos Aires,South America,2021,0,44461,
Buenos Aires,South America,2022,770,44461,
Buenos Aires,South America,2023,1009,44461,
Buenos Aires,South America,2024,30390,44461,
Buenos Aires,South America,2025,2538,44461,
Buenos Aires,South America,2026,0,44461,
Bogotá,South America,2014-2015,117,101314,
Bogotá,South America,2016-2017,21245,101314,
Bogotá,South America,2018,367,101314,
Bogotá,South America,2019,458,101314,
Bogotá,South America,2020,0,101314,
Bogotá,South America,2021,34433,101314,
Bogotá,South America,2022,9128,101314,
Bogotá,South America,2023,2888,101314,
Bogotá,South America,2024,1346,101314,
Bogotá,South America,2025,10156,101314,
Bogotá,South America,2026,21176,101314,
Lima,South America,2014-2015,0,179707,
Lima,South America,2016-2017,15300,179707,
Lima,South America,2018,16,179707,
Lima,South America,2019,53435,179707,
Lima,South America,2020,0,179707,
Lima,South America,2021,0,179707,
Lima,South America,2022,43342,179707,
Lima,South America,2023,4710,179707,
Lima,South America,2024,59938,179707,
Lima,South America,2025,1649,179707,
Lima,South America,2026,1317,179707,
Mexico City,North America,2014-2015,2532,46962,
Mexico City,North America,2016-2017,6042,46962,
Mexico City,North America,2018,1181,46962,
Mexico City,North America,2019,101,46962,
Mexico City,North America,2020,30931,46962,
Mexico City,North America,2021,163,46962,
Mexico City,North America,2022,0,46962,
Mexico City,North America,2023,2312,46962,
Mexico City,North America,2024,1506,46962,
Mexico City,North America,2025,142,46962,
Mexico City,North America,2026,2052,46962,
San Francisco,North America,2014-2015,3668,130441,
San Francisco,North America,2016-2017,26908,130441,
San Francisco,North America,2018,10984,130441,
San Francisco,North America,2019,1159,130441,
San Francisco,North America,2020,10057,130441,
San Francisco,North America,2021,22647,130441,
San Francisco,North America,2022,21273,130441,
San Francisco,North America,2023,2977,130441,
San Francisco,North America,2024,2192,130441,
San Francisco,North America,2025,28557,130441,
San Francisco,North America,2026,10,130441,
New York,North America,2014-2015,2982,98962,
New York,North America,2016-2017,4811,98962,
New York,North America,2018,22504,98962,
New York,North America,2019,7321,98962,
New York,North America,2020,2402,98962,
New York,North America,2021,2164,98962,
New York,North America,2022,15502,98962,
New York,North America,2023,4090,98962,
New York,North America,2024,29549,98962,
New York,North America,2025,5523,98962,
New York,North America,2026,2061,98962,
Toronto,North America,2014-2015,2420,35783,
Toronto,North America,2016-2017,7377,35783,
Toronto,North America,2018,2548,35783,
Toronto,North America,2019,12061,35783,
Toronto,North America,2020,4286,35783,
Toronto,North America,2021,32,35783,
Toronto,North America,2022,4057,35783,
Toronto,North America,2023,27,35783,
Toronto,North America,2024,0,35783,
Toronto,North America,2025,2972,35783,
Toronto,North America,2026,1,35783,
London,Europe,2014-2015,2487,52658,
London,Europe,2016-2017,7080,52658,
London,Europe,2018,2488,52658,
London,Europe,2019,817,52658,
London,Europe,2020,676,52658,
London,Europe,2021,784,52658,
London,Europe,2022,25722,52658,
London,Europe,2023,3327,52658,
London,Europe,2024,1794,52658,
London,Europe,2025,2076,52658,
London,Europe,2026,5023,52658,
Paris,Europe,2014-2015,1371,16408,
Paris,Europe,2016-2017,1141,16408,
Paris,Europe,2018,1180,16408,
Paris,Europe,2019,2354,16408,
Paris,Europe,2020,4303,16408,
Paris,Europe,2021,3028,16408,
Paris,Europe,2022,1015,16408,
Paris,Europe,2023,504,16408,
Paris,Europe,2024,597,16408,
Paris,Europe,2025,1,16408,
Paris,Europe,2026,712,16408,
Berlin,Europe,2014-2015,913,178805,
Berlin,Europe,2016-2017,7635,178805,
Berlin,Europe,2018,177,178805,
Berlin,Europe,2019,3759,178805,
Berlin,Europe,2020,12840,178805,
Berlin,Europe,2021,15829,178805,
Berlin,Europe,2022,27695,178805,
Berlin,Europe,2023,25459,178805,
Berlin,Europe,2024,36337,178805,
Berlin,Europe,2025,31879,178805,
Berlin,Europe,2026,16250,178805,
Madrid,Europe,2014-2015,873,26836,
Madrid,Europe,2016-2017,3908,26836,
Madrid,Europe,2018,1711,26836,
Madrid,Europe,2019,1919,26836,
Madrid,Europe,2020,204,26836,
Madrid,Europe,2021,221,26836,
Madrid,Europe,2022,510,26836,
Madrid,Europe,2023,1446,26836,
Madrid,Europe,2024,1839,26836,
Madrid,Europe,2025,10786,26836,
Madrid,Europe,2026,3408,26836,
Stockholm,Europe,2014-2015,11269,60695,
Stockholm,Europe,2016-2017,9853,60695,
Stockholm,Europe,2018,991,60695,
Stockholm,Europe,2019,3986,60695,
Stockholm,Europe,2020,7739,60695,
Stockholm,Europe,2021,5418,60695,
Stockholm,Europe,2022,3090,60695,
Stockholm,Europe,2023,8174,60695,
Stockholm,Europe,2024,6361,60695,
Stockholm,Europe,2025,929,60695,
Stockholm,Europe,2026,2798,60695,
Warsaw,Europe,2014-2015,1360,25540,
Warsaw,Europe,2016-2017,813,25540,
Warsaw,Europe,2018,1843,25540,
Warsaw,Europe,2019,4209,25540,
Warsaw,Europe,2020,5826,25540,
Warsaw,Europe,2021,3431,25540,
Warsaw,Europe,2022,3112,25540,
Warsaw,Europe,2023,64,25540,
Warsaw,Europe,2024,879,25540,
Warsaw,Europe,2025,1021,25540,
Warsaw,Europe,2026,2854,25540,
Rome,Europe,2014-2015,345,11494,
Rome,Europe,2016-2017,1119,11494,
Rome,Europe,2018,975,11494,
Rome,Europe,2019,2025,11494,
Rome,Europe,2020,0,11494,
Rome,Europe,2021,0,11494,
Rome,Europe,2022,326,11494,
Rome,Europe,2023,2739,11494,
Rome,Europe,2024,31,11494,
Rome,Europe,2025,2389,11494,
Rome,Europe,2026,1544,11494,
Istanbul,Europe,2014-2015,397,19569,
Istanbul,Europe,2016-2017,1133,19569,
Istanbul,Europe,2018,8668,19569,
Istanbul,Europe,2019,7866,19569,
Istanbul,Europe,2020,196,19569,
Istanbul,Europe,2021,360,19569,
Istanbul,Europe,2022,191,19569,
Istanbul,Europe,2023,168,19569,
Istanbul,Europe,2024,374,19569,
Istanbul,Europe,2025,21,19569,
Istanbul,Europe,2026,0,19569,
Cairo,Africa,2014-2015,0,2456,
Cairo,Africa,2016-2017,133,2456,
Cairo,Africa,2018,13,2456,
Cairo,Africa,2019,1139,2456,
Cairo,Africa,2020,824,2456,
Cairo,Africa,2021,300,2456,
Cairo,Africa,2022,0,2456,
Cairo,Africa,2023,1,2456,
Cairo,Africa,2024,35,2456,
Cairo,Africa,2025,6,2456,
Cairo,Africa,2026,0,2456,
Casablanca,Africa,2014-2015,0,48662,
Casablanca,Africa,2016-2017,0,48662,
Casablanca,Africa,2018,48653,48662,
Casablanca,Africa,2019,9,48662,
Casablanca,Africa,2020,0,48662,
Casablanca,Africa,2021,0,48662,
Casablanca,Africa,2022,0,48662,
Casablanca,Africa,2023,0,48662,
Casablanca,Africa,2024,0,48662,
Casablanca,Africa,2025,0,48662,
Casablanca,Africa,2026,0,48662,
Lagos,Africa,2014-2015,0,7150,
Lagos,Africa,2016-2017,814,7150,
Lagos,Africa,2018,5383,7150,
Lagos,Africa,2019,0,7150,
Lagos,Africa,2020,0,7150,
Lagos,Africa,2021,0,7150,
Lagos,Africa,2022,0,7150,
Lagos,Africa,2023,438,7150,
Lagos,Africa,2024,162,7150,
Lagos,Africa,2025,353,7150,
Lagos,Africa,2026,0,7150,
Nairobi,Africa,2014-2015,30,6205,
Nairobi,Africa,2016-2017,2729,6205,
Nairobi,Africa,2018,782,6205,
Nairobi,Africa,2019,2,6205,
Nairobi,Africa,2020,476,6205,
Nairobi,Africa,2021,0,6205,
Nairobi,Africa,2022,0,6205,
Nairobi,Africa,2023,316,6205,
Nairobi,Africa,2024,674,6205,
Nairobi,Africa,2025,193,6205,
Nairobi,Africa,2026,1003,6205,
Johannesburg,Africa,2014-2015,0,25222,
Johannesburg,Africa,2016-2017,2,25222,
Johannesburg,Africa,2018,20496,25222,
Johannesburg,Africa,2019,0,25222,
Johannesburg,Africa,2020,0,25222,
Johannesburg,Africa,2021,0,25222,
Johannesburg,Africa,2022,0,25222,
Johannesburg,Africa,2023,0,25222,
Johannesburg,Africa,2024,3,25222,
Johannesburg,Africa,2025,4721,25222,
Johannesburg,Africa,2026,0,25222,
Dubai,Asia,2014-2015,156,41872,
Dubai,Asia,2016-2017,8031,41872,
Dubai,Asia,2018,11385,41872,
Dubai,Asia,2019,2931,41872,
Dubai,Asia,2020,5491,41872,
Dubai,Asia,2021,2392,41872,
Dubai,Asia,2022,2828,41872,
Dubai,Asia,2023,2083,41872,
Dubai,Asia,2024,2733,41872,
Dubai,Asia,2025,2354,41872,
Dubai,Asia,2026,1152,41872,
Mumbai,Asia,2014-2015,0,12083,
Mumbai,Asia,2016-2017,880,12083,
Mumbai,Asia,2018,1205,12083,
Mumbai,Asia,2019,111,12083,
Mumbai,Asia,2020,0,12083,
Mumbai,Asia,2021,85,12083,
Mumbai,Asia,2022,889,12083,
Mumbai,Asia,2023,0,12083,
Mumbai,Asia,2024,2652,12083,
Mumbai,Asia,2025,1548,12083,
Mumbai,Asia,2026,4713,12083,
Bangkok,Asia,2014-2015,1040,25423,
Bangkok,Asia,2016-2017,766,25423,
Bangkok,Asia,2018,5342,25423,
Bangkok,Asia,2019,9905,25423,
Bangkok,Asia,2020,477,25423,
Bangkok,Asia,2021,4245,25423,
Bangkok,Asia,2022,1356,25423,
Bangkok,Asia,2023,0,25423,
Bangkok,Asia,2024,1722,25423,
Bangkok,Asia,2025,43,25423,
Bangkok,Asia,2026,526,25423,
Jakarta,Asia,2014-2015,22,135705,
Jakarta,Asia,2016-2017,0,135705,
Jakarta,Asia,2018,8628,135705,
Jakarta,Asia,2019,7153,135705,
Jakarta,Asia,2020,0,135705,
Jakarta,Asia,2021,0,135705,
Jakarta,Asia,2022,14820,135705,
Jakarta,Asia,2023,14093,135705,
Jakarta,Asia,2024,463,135705,
Jakarta,Asia,2025,90526,135705,
Jakarta,Asia,2026,0,135705,
Singapore,Asia,2014-2015,161,2867,
Singapore,Asia,2016-2017,325,2867,
Singapore,Asia,2018,44,2867,
Singapore,Asia,2019,2336,2867,
Singapore,Asia,2020,0,2867,
Singapore,Asia,2021,0,2867,
Singapore,Asia,2022,0,2867,
Singapore,Asia,2023,0,2867,
Singapore,Asia,2024,0,2867,
Singapore,Asia,2025,0,2867,
Singapore,Asia,2026,0,2867,
Manila,Asia,2014-2015,0,133856,
Manila,Asia,2016-2017,2487,133856,
Manila,Asia,2018,1960,133856,
Manila,Asia,2019,6890,133856,
Manila,Asia,2020,6342,133856,
Manila,Asia,2021,4205,133856,
Manila,Asia,2022,62937,133856,
Manila,Asia,2023,0,133856,
Manila,Asia,2024,48331,133856,
Manila,Asia,2025,588,133856,
Manila,Asia,2026,92,133856,
Seoul,Asia,2014-2015,0,5964,
Seoul,Asia,2016-2017,278,5964,
Seoul,Asia,2018,958,5964,
Seoul,Asia,2019,0,5964,
Seoul,Asia,2020,30,5964,
Seoul,Asia,2021,89,5964,
Seoul,Asia,2022,310,5964,
Seoul,Asia,2023,1493,5964,
Seoul,Asia,2024,215,5964,
Seoul,Asia,2025,2551,5964,
Seoul,Asia,2026,20,5964,
Tokyo,Asia,2014-2015,167,104415,
Tokyo,Asia,2016-2017,17908,104415,
Tokyo,Asia,2018,11777,104415,
Tokyo,Asia,2019,23851,104415,
Tokyo,Asia,2020,9804,104415,
Tokyo,Asia,2021,15149,104415,
Tokyo,Asia,2022,3641,104415,
Tokyo,Asia,2023,7887,104415,
Tokyo,Asia,2024,2988,104415,
Tokyo,Asia,2025,6423,104415,
Tokyo,Asia,2026,4815,104415,
Sydney,Oceania,2014-2015,2552,80832,
Sydney,Oceania,2016-2017,4166,80832,
Sydney,Oceania,2018,3801,80832,
Sydney,Oceania,2019,55176,80832,
Sydney,Oceania,2020,1281,80832,
Sydney,Oceania,2021,936,80832,
Sydney,Oceania,2022,871,80832,
Sydney,Oceania,2023,1780,80832,
Sydney,Oceania,2024,2301,80832,
Sydney,Oceania,2025,2217,80832,
Sydney,Oceania,2026,5676,80832,
Auckland,Oceania,2014-2015,215,40984,
Auckland,Oceania,2016-2017,4365,40984,
Auckland,Oceania,2018,753,40984,
Auckland,Oceania,2019,441,40984,
Auckland,Oceania,2020,1536,40984,
Auckland,Oceania,2021,790,40984,
Auckland,Oceania,2022,2654,40984,
Auckland,Oceania,2023,6933,40984,
Auckland,Oceania,2024,2970,40984,
Auckland,Oceania,2025,11747,40984,
Auckland,Oceania,2026,8570,40984,
